ds,trend,yhat_lower,yhat_upper,trend_lower,trend_upper,additive_terms,additive_terms_lower,additive_terms_upper,yearly,yearly_lower,yearly_upper,multiplicative_terms,multiplicative_terms_lower,multiplicative_terms_upper,yhat
2021-01-01,8168.4454648,6911.6678725447855,9179.337398775622,8168.4454648,8168.4454648,-98.4542447486058,-98.4542447486058,-98.4542447486058,-98.4542447486058,-98.4542447486058,-98.4542447486058,0.0,0.0,0.0,8069.9912200513945
2021-02-01,8098.554128589586,6080.195578603246,8252.657001542604,8098.554128589586,8098.554128589586,-971.9684044176853,-971.9684044176853,-971.9684044176853,-971.9684044176853,-971.9684044176853,-971.9684044176853,0.0,0.0,0.0,7126.5857241719
2021-03-01,8035.426469801269,7703.765082131146,9842.579887583795,8035.426469801269,8035.426469801269,732.1583873789922,732.1583873789922,732.1583873789922,732.1583873789922,732.1583873789922,732.1583873789922,0.0,0.0,0.0,8767.584857180262
2021-04-01,7965.535132920498,6209.910923698153,8330.671612005828,7965.535132920498,7965.535132920498,-646.9804097305489,-646.9804097305489,-646.9804097305489,-646.9804097305489,-646.9804097305489,-646.9804097305489,0.0,0.0,0.0,7318.554723189949
2021-05-01,7897.898355856513,7259.692894392128,9363.079163666982,7897.898355856513,7897.898355856513,355.678726951522,355.678726951522,355.678726951522,355.678726951522,355.678726951522,355.678726951522,0.0,0.0,0.0,8253.577082808035
2021-06-01,7828.007019812783,5820.765681335727,7880.903887663014,7828.007019812783,7828.007019812783,-985.4465549367163,-985.4465549367163,-985.4465549367163,-985.4465549367163,-985.4465549367163,-985.4465549367163,0.0,0.0,0.0,6842.560464876067
2021-07-01,7760.3702433613325,6839.681396790342,8944.81534780306,7760.3702433613325,7760.3702433613325,177.7830656184454,177.7830656184454,177.7830656184454,177.7830656184454,177.7830656184454,177.7830656184454,0.0,0.0,0.0,7938.153308979778
2021-08-01,7690.478907904158,6734.837239075631,8979.830489436283,7690.478907904158,7690.478907904158,182.09237088472565,182.09237088472565,182.09237088472565,182.09237088472565,182.09237088472565,182.09237088472565,0.0,0.0,0.0,7872.571278788884
2021-09-01,7620.587572446984,6123.874335889067,8324.23895176541,7620.587572446984,7620.587572446984,-463.9665094762461,-463.9665094762461,-463.9665094762461,-463.9665094762461,-463.9665094762461,-463.9665094762461,0.0,0.0,0.0,7156.621062970738
2021-10-01,7552.980464131078,6404.291349969973,8536.947230030013,7552.980464131078,7552.980464131078,-42.16814829416384,-42.16814829416384,-42.16814829416384,-42.16814829416384,-42.16814829416384,-42.16814829416384,0.0,0.0,0.0,7510.812315836914
2021-11-01,7483.119785808052,7201.244752802339,9476.81960220848,7483.119785808052,7483.119785808052,810.2167481831801,810.2167481831801,810.2167481831801,810.2167481831801,810.2167481831801,810.2167481831801,0.0,0.0,0.0,8293.336533991232
2021-12-01,7415.512677912755,6915.875594559496,9109.84361394784,7415.512677912755,7415.512677912755,650.5521424769212,650.5521424769212,650.5521424769212,650.5521424769212,650.5521424769212,650.5521424769212,0.0,0.0,0.0,8066.064820389676
2022-01-01,7345.652000113477,6056.344285785092,8292.963193815698,7345.652000113477,7345.652000113477,-114.28705147756733,-114.28705147756733,-114.28705147756733,-114.28705147756733,-114.28705147756733,-114.28705147756733,0.0,0.0,0.0,7231.364948635909
2022-02-01,7275.7913234902635,5299.513319385067,7428.668244243292,7275.7913234902635,7275.7913234902635,-927.841005810891,-927.841005810891,-927.841005810891,-927.841005810891,-927.841005810891,-927.841005810891,0.0,0.0,0.0,6347.950317679372
2022-03-01,7212.69637199358,6864.8885905415345,8957.738338009203,7212.69637199358,7212.69637199358,704.3394501987109,704.3394501987109,704.3394501987109,704.3394501987109,704.3394501987109,704.3394501987109,0.0,0.0,0.0,7917.035822192291
2022-04-01,7142.954868277327,5489.1741433199,7558.694552830501,7142.954868277327,7142.954868277327,-643.8826793132083,-643.8826793132083,-643.8826793132083,-643.8826793132083,-643.8826793132083,-643.8826793132083,0.0,0.0,0.0,6499.072188964118
2022-05-01,7075.527077483227,6422.922039411345,8467.323408640275,7075.527077483227,7075.527077483227,371.94189305868986,371.94189305868986,371.94189305868986,371.94189305868986,371.94189305868986,371.94189305868986,0.0,0.0,0.0,7447.468970541917
2022-06-01,7005.93683835323,4884.426430271023,7005.946802790288,7005.93683835323,7005.93683835323,-999.0992722823979,-999.0992722823979,-999.0992722823979,-999.0992722823979,-999.0992722823979,-999.0992722823979,0.0,0.0,0.0,6006.8375660708325
2022-07-01,6938.59799070731,5947.945041401077,8123.500046564132,6938.59799070731,6938.59799070731,156.71648410540982,156.71648410540982,156.71648410540982,156.71648410540982,156.71648410540982,156.71648410540982,0.0,0.0,0.0,7095.31447481272
2022-08-01,6869.088451485207,5972.5206515510345,8138.755096012464,6869.088451485207,6869.088451485207,189.75120072456943,189.75120072456943,189.75120072456943,189.75120072456943,189.75120072456943,189.75120072456943,0.0,0.0,0.0,7058.839652209776
2022-09-01,6799.5914552350405,5303.199341541844,7464.604742479513,6799.5914552350405,6799.5914552350405,-452.89665252760244,-452.89665252760244,-452.89665252760244,-452.89665252760244,-452.89665252760244,-452.89665252760244,0.0,0.0,0.0,6346.694802707438
2022-10-01,6732.336297573591,5621.232724875849,7789.704969433174,6732.336297573591,6732.336297573591,-24.128428708872065,-24.128428708872065,-24.128428708872065,-24.128428708872065,-24.128428708872065,-24.128428708872065,0.0,0.0,0.0,6708.207868864719
2022-11-01,6791.801652012636,6505.351357831527,8665.700455227925,6791.801652012636,6791.801652012636,796.2406602868215,796.2406602868215,796.2406602868215,796.2406602868215,796.2406602868215,796.2406602868215,0.0,0.0,0.0,7588.042312299457
2022-12-01,6849.499779200781,6473.535537312757,8625.326133910907,6849.499779200781,6849.499779200781,632.6525820392742,632.6525820392742,632.6525820392742,632.6525820392742,632.6525820392742,632.6525820392742,0.0,0.0,0.0,7482.152361240055
2023-01-01,6909.12191614778,5731.796434746068,7809.182327140616,6909.12191614778,6909.12191614778,-129.16646754583581,-129.16646754583581,-129.16646754583581,-129.16646754583581,-129.16646754583581,-129.16646754583581,0.0,0.0,0.0,6779.955448601944
2023-02-01,6968.744054342454,5003.0526822798765,7183.712981757928,6968.744054342454,6968.744054342454,-883.0511657762463,-883.0511657762463,-883.0511657762463,-883.0511657762463,-883.0511657762463,-883.0511657762463,0.0,0.0,0.0,6085.692888566207
2023-03-01,7022.59630803361,6650.597266205281,8748.884387820346,7022.59630803361,7022.59630803361,675.5467177985174,675.5467177985174,675.5467177985174,675.5467177985174,675.5467177985174,675.5467177985174,0.0,0.0,0.0,7698.143025832127
2023-04-01,7082.218445777531,5358.967165557992,7549.177543419648,7082.218445777531,7082.218445777531,-640.1075751263052,-640.1075751263052,-640.1075751263052,-640.1075751263052,-640.1075751263052,-640.1075751263052,0.0,0.0,0.0,6442.110870651226
2023-05-01,7139.917288788505,6376.3535183249805,8512.810458859532,7139.917288788505,7139.917288788505,387.5257853431331,387.5257853431331,387.5257853431331,387.5257853431331,387.5257853431331,387.5257853431331,0.0,0.0,0.0,7527.443074131638
2023-06-01,7199.53942656651,5077.6848884380925,7224.711941986361,7199.53942656651,7199.53942656651,-1012.7481247705431,-1012.7481247705431,-1012.7481247705431,-1012.7481247705431,-1012.7481247705431,-1012.7481247705431,0.0,0.0,0.0,6186.791301795967
2023-07-01,7257.238269577482,6330.905078585462,8465.302913474503,7257.238269577482,7257.238269577482,135.80750899763643,135.80750899763643,135.80750899763643,135.80750899763643,135.80750899763643,135.80750899763643,0.0,0.0,0.0,7393.045778575119
2023-08-01,7316.860407355487,6426.1917688960375,8653.013580170138,7316.860407355487,7316.860407355487,197.8650142226125,197.8650142226125,197.8650142226125,197.8650142226125,197.8650142226125,197.8650142226125,0.0,0.0,0.0,7514.7254215780995
2023-09-01,7376.482545133492,5927.157597059089,8027.772901559072,7376.482545133492,7376.482545133492,-441.39192500984285,-441.39192500984285,-441.39192500984285,-441.39192500984285,-441.39192500984285,-441.39192500984285,0.0,0.0,0.0,6935.090620123649
2023-10-01,7434.181388144465,6393.715307197444,8472.44205737048,7434.181388144465,7434.181388144465,-6.518897133972113,-6.518897133972113,-6.518897133972113,-6.518897133972113,-6.518897133972113,-6.518897133972113,0.0,0.0,0.0,7427.662491010493
2023-11-01,7493.80352592247,7155.211738094867,9384.657208468658,7493.80352592247,7493.80352592247,781.3791365349902,781.3791365349902,781.3791365349902,781.3791365349902,781.3791365349902,781.3791365349902,0.0,0.0,0.0,8275.18266245746
2023-12-01,7551.502368933442,7167.7638324650725,9170.714321829304,7551.502368933442,7551.502368933442,614.6873486483564,614.6873486483564,614.6873486483564,614.6873486483564,614.6873486483564,614.6873486483564,0.0,0.0,0.0,8166.1897175817985
2024-01-01,7611.124506711447,6398.854497510381,8478.464932453986,7607.3845341436845,7614.543608460205,-143.0719602699782,-143.0719602699782,-143.0719602699782,-143.0719602699782,-143.0719602699782,-143.0719602699782,0.0,0.0,0.0,7468.052546441469
2024-02-01,7670.746644489453,5766.366597468548,7919.569428649319,7659.290098623793,7682.081132822599,-837.6480580461148,-837.6480580461148,-837.6480580461148,-837.6480580461148,-837.6480580461148,-837.6480580461148,0.0,0.0,0.0,6833.098586443338
2024-03-01,7726.522192733393,7401.204343874836,9557.259610290053,7704.890164465852,7747.972421185755,758.9860402160956,758.9860402160956,758.9860402160956,758.9860402160956,758.9860402160956,758.9860402160956,0.0,0.0,0.0,8485.508232949489
2024-04-01,7786.144330511397,6094.039265211833,8325.481514890738,7752.554247785176,7819.909539233468,-649.4012508193715,-649.4012508193715,-649.4012508193715,-649.4012508193715,-649.4012508193715,-649.4012508193715,0.0,0.0,0.0,7136.743079692025
2024-05-01,7843.84317352237,7119.501985484837,9215.276753436607,7796.2225042074815,7891.866157443158,338.7487462428495,338.7487462428495,338.7487462428495,338.7487462428495,338.7487462428495,338.7487462428495,0.0,0.0,0.0,8182.59191976522
2024-06-01,7903.465311300375,5954.898820000568,8032.129369631266,7839.304732255952,7966.84973722262,-971.8085094648457,-971.8085094648457,-971.8085094648457,-971.8085094648457,-971.8085094648457,-971.8085094648457,0.0,0.0,0.0,6931.656801835529
2024-07-01,7961.164154311347,7049.341812455477,9274.95745930928,7881.548981497126,8042.210754478783,198.98802426699044,198.98802426699044,198.98802426699044,198.98802426699044,198.98802426699044,198.98802426699044,0.0,0.0,0.0,8160.152178578338
2024-08-01,8020.786292089353,7106.279314391898,9208.150613141457,7920.642304275917,8120.82417251399,174.89183587652275,174.89183587652275,174.89183587652275,174.89183587652275,174.89183587652275,174.89183587652275,0.0,0.0,0.0,8195.678127965875
2024-09-01,8080.408429867357,6505.033629414663,8717.867865490796,7955.52210087947,8201.370939631115,-474.5816613607619,-474.5816613607619,-474.5816613607619,-474.5816613607619,-474.5816613607619,-474.5816613607619,0.0,0.0,0.0,7605.826768506595
2024-10-01,8138.10727287833,7064.7913546046375,9146.010827047086,7993.851724261763,8277.202621803879,-60.60911591683303,-60.60911591683303,-60.60911591683303,-60.60911591683303,-60.60911591683303,-60.60911591683303,0.0,0.0,0.0,8077.498156961497
2024-11-01,8197.729410656335,7928.056507163644,10054.965640495822,8035.372509754663,8356.837024141068,823.2953398691471,823.2953398691471,823.2953398691471,823.2953398691471,823.2953398691471,823.2953398691471,0.0,0.0,0.0,9021.024750525483
2024-12-01,8255.428253667307,7849.179811186348,10098.26068544257,8064.650904006404,8436.597522913924,668.3503355164822,668.3503355164822,668.3503355164822,668.3503355164822,668.3503355164822,668.3503355164822,0.0,0.0,0.0,8923.77858918379
2025-01-01,8315.050391445313,7131.495896343965,9326.169895947367,8097.96429553272,8521.781526114586,-98.4542447484687,-98.4542447484687,-98.4542447484687,-98.4542447484687,-98.4542447484687,-98.4542447484687,0.0,0.0,0.0,8216.596146696844
2025-02-01,8374.672529223317,6381.173749310128,8479.614173338095,8131.722090970833,8605.93981325659,-971.9684044175556,-971.9684044175556,-971.9684044175556,-971.9684044175556,-971.9684044175556,-971.9684044175556,0.0,0.0,0.0,7402.704124805761
2025-03-01,8428.524782700226,8064.67394808298,10312.648243026739,8154.493934302119,8682.925341945176,732.1583873789956,732.1583873789956,732.1583873789956,732.1583873789956,732.1583873789956,732.1583873789956,0.0,0.0,0.0,9160.68317007922
2025-04-01,8488.14692047823,6723.0764056195585,8913.600512279949,8180.960636842808,8765.84856988134,-646.980409730538,-646.980409730538,-646.980409730538,-646.980409730538,-646.980409730538,-646.980409730538,0.0,0.0,0.0,7841.166510747692
2025-05-01,8545.845763489202,7847.91798692539,10010.76600836379,8220.389908173638,8851.033763519647,355.67872695161014,355.67872695161014,355.67872695161014,355.67872695161014,355.67872695161014,355.67872695161014,0.0,0.0,0.0,8901.524490440812
2025-06-01,8605.46790126721,6380.244831681297,8776.207771522992,8255.568852834738,8946.984109567305,-985.4465549366399,-985.4465549366399,-985.4465549366399,-985.4465549366399,-985.4465549366399,-985.4465549366399,0.0,0.0,0.0,7620.02134633057
2025-07-01,8663.16674427818,7686.361249249993,9994.163396694566,8284.84973968614,9039.095538648815,177.7830656181513,177.7830656181513,177.7830656181513,177.7830656181513,177.7830656181513,177.7830656181513,0.0,0.0,0.0,8840.94980989633
2025-08-01,8722.788882056186,7745.339122124351,10126.814481675903,8320.132064551555,9128.800166559318,182.0923708847233,182.0923708847233,182.0923708847233,182.0923708847233,182.0923708847233,182.0923708847233,0.0,0.0,0.0,8904.88125294091
2025-09-01,8782.411019834191,7140.704201077496,9450.230952383808,8354.077149912762,9218.45107720751,-463.96650947629144,-463.96650947629144,-463.96650947629144,-463.96650947629144,-463.96650947629144,-463.96650947629144,0.0,0.0,0.0,8318.4445103579
2025-10-01,8840.109862845164,7537.840271676855,9958.964023838074,8381.411083077879,9303.294996694085,-42.16814829426716,-42.16814829426716,-42.16814829426716,-42.16814829426716,-42.16814829426716,-42.16814829426716,0.0,0.0,0.0,8797.941714550896
2025-11-01,8899.732000623168,8517.152440028376,10804.285507350114,8409.585577215723,9401.576079778599,810.216748183273,810.216748183273,810.216748183273,810.216748183273,810.216748183273,810.216748183273,0.0,0.0,0.0,9709.94874880644
2025-12-01,8957.43084363414,8329.867417945707,10805.84121886071,8437.84956585859,9506.268006834924,650.5521424773093,650.5521424773093,650.5521424773093,650.5521424773093,650.5521424773093,650.5521424773093,0.0,0.0,0.0,9607.982986111449
2026-01-01,9017.052981412147,7685.780595329658,10083.079560486727,8457.635769241942,9600.056041409807,-114.28705147760671,-114.28705147760671,-114.28705147760671,-114.28705147760671,-114.28705147760671,-114.28705147760671,0.0,0.0,0.0,8902.765929934541
2026-02-01,9076.67511919015,6849.918583634641,9358.72394545003,8487.955590898633,9699.903771224705,-927.8410058112905,-927.8410058112905,-927.8410058112905,-927.8410058112905,-927.8410058112905,-927.8410058112905,0.0,0.0,0.0,8148.834113378859
2026-03-01,9130.527372667058,8566.598262660196,11154.014332035751,8506.82126045199,9791.404954491272,704.3394501984919,704.3394501984919,704.3394501984919,704.3394501984919,704.3394501984919,704.3394501984919,0.0,0.0,0.0,9834.86682286555
2026-04-01,9190.149510445064,7257.395215732865,9858.987483690864,8530.816762177517,9885.457566959496,-643.8826793132033,-643.8826793132033,-643.8826793132033,-643.8826793132033,-643.8826793132033,-643.8826793132033,0.0,0.0,0.0,8546.266831131861
2026-05-01,9247.848353456036,8319.197013874515,10826.286727545745,8548.617352550618,9988.367551973593,371.94189305870617,371.94189305870617,371.94189305870617,371.94189305870617,371.94189305870617,371.94189305870617,0.0,0.0,0.0,9619.790246514742
2026-06-01,9307.470491234042,6929.887807410851,9636.36791751898,8576.122152243079,10088.196828459493,-999.0992722822949,-999.0992722822949,-999.0992722822949,-999.0992722822949,-999.0992722822949,-999.0992722822949,0.0,0.0,0.0,8308.371218951746
2026-07-01,9365.169334245014,8149.205903218357,10762.009921290097,8590.925791702966,10179.269862805455,156.71648410522639,156.71648410522639,156.71648410522639,156.71648410522639,156.71648410522639,156.71648410522639,0.0,0.0,0.0,9521.885818350242
2026-08-01,9424.791472023018,8217.447230468497,10973.755611676777,8615.190799198648,10281.652832538453,189.75120072466015,189.75120072466015,189.75120072466015,189.75120072466015,189.75120072466015,189.75120072466015,0.0,0.0,0.0,9614.542672747679
2026-09-01,9484.413609801024,7634.748109293185,10372.033011057585,8647.09994529293,10375.259427117531,-452.89665252734943,-452.89665252734943,-452.89665252734943,-452.89665252734943,-452.89665252734943,-452.89665252734943,0.0,0.0,0.0,9031.516957273674
2026-10-01,9542.112452811996,8086.3670378811485,10917.721311001449,8662.268676568954,10471.415701696624,-24.12842870893527,-24.12842870893527,-24.12842870893527,-24.12842870893527,-24.12842870893527,-24.12842870893527,0.0,0.0,0.0,9517.984024103062
2026-11-01,9601.734590590002,8893.18276445898,11800.369940111112,8679.900928910618,10567.663638845015,796.2406602870127,796.2406602870127,796.2406602870127,796.2406602870127,796.2406602870127,796.2406602870127,0.0,0.0,0.0,10397.975250877014
2026-12-01,9659.433433600974,8786.914492436472,11795.009964507826,8687.233802804358,10661.395290787093,632.6525820392511,632.6525820392511,632.6525820392511,632.6525820392511,632.6525820392511,632.6525820392511,0.0,0.0,0.0,10292.086015640225
